work_id,slug,title,brand,total_revenue_jpy,total_sales_count,last30d_revenue_jpy,last30d_sales_count
auto-96b92f9f,,"メスイキするまで催眠マッサージしてもいいですか?",CAPURI,3983760,4024,0,0
auto-eb68c39e,,"ガチムチ団地妻 ーイケメン配達員の甘い誘惑。私、夫以外の男と…ー",CAPURI,3648150,3685,0,0
auto-3310a653,,"ガチムチ刑務所 ―囚人×看守のメス堕ちSEX獄中記―",CAPURI,3617460,3654,0,0
auto-c577c9c3,,"ちくびコンプレックス青春物語!～敏感すぎて、大好きな幼馴染に乳首だけでイかされました～",CAPURI,3322440,3356,0,0
auto-54b10624,,"はじめては、きみと。～今日、幼馴染と××××します～",CAPURI,1495890,1511,0,0
auto-e3b8eb96,,"潜入失敗!エリートスパイ～媚薬拷問でメス堕ちしても組織の秘密は喋らない～",CAPURI,1335510,1349,0,0
auto-0bd3af29,,"誘発剤で強制発情させられたΩのマフィアが、裏切り者に屈辱の拘束監禁レイプでイカされた結果...",CAPURI,1221660,1234,0,0
auto-ddc0070e,,"堕ちた元No1ホストが見下していた後輩ホストに手錠で縛られ開脚調教されたらプライド崩壊でメス堕ちした結果...",CAPURI,1189924,1341,0,0
auto-d8cb4095,,"ビッチな俺を指名したのは童貞でした ～まさかの巨根で連続メスイキさせられるなんて!?～",CAPURI,1115346,1129,0,0
auto-ca74c0f7,,"エッチな心の声がダダ漏れ中!?～クールな幼馴染は俺のメスイキで頭いっぱい～",CAPURI,1058310,1069,0,0
auto-276e8688,,"凌辱メス堕ち幽霊屋敷ー終わらない、淫霊たちの連続中出しセックスー",CAPURI,1053360,1064,0,0
auto-dc4dc968,,"気高き騎士が激イキ触手責めから挿入懇願で快楽堕ちした結果...",CAPURI,921690,931,0,0
auto-2751065e,,"スーツの下を暴かせて ～真面目な准教授のえっちな秘密～",CAPURI,896349,906,0,0
auto-9281b3a9,,"家庭教師はどすけべエッチなメスお兄さん!～生意気ショタが先生のエロ穴けつまんこでヘコヘコしちゃったなつやすみ～",CAPURI,887040,896,0,0
auto-7e27a16b,,"ビッチサキュバス♂陥落～イケメンおにーさんのくそでかちんぽで連続絶頂!もうお腹いっぱい…～",CAPURI,871200,880,0,0
auto-d5e7ca96,,"アパートの部屋の壁に穴が空いていたら ～覗き見から始まるエッチな関係～",CAPURI,862290,871,0,0
auto-ba3f891b,,"今夜は君の血を吸いたい ～イケメン吸血鬼に咬まれて吸われて...とろける催淫絶頂セックス～",CAPURI,856350,865,0,0
auto-e94ad3a6,,"ひとりエッチは先生と～いじわる家庭教師×純情高校生 ナイショのオナニーレッスンで恥ずかしイキ!～",CAPURI,760320,768,0,0
auto-402e62ac,,"会長専属メス堕ちヤンキー 鬼畜生徒会長に無理やりケツ掘られるとか聞いてへん!",CAPURI,471240,476,0,0
auto-0b2ba8c3,,"バ先で出会った四十路おじさんがエロすぎた ～年上の超絶テクでイカされまくって童貞喪失～",CAPURI,439560,444,0,0
auto-05033ee9,,"大人のおもちゃでお仕置きドッキリ！～イケメン俳優、生放送でハメられました～",CAPURI,413303,314,0,0
auto-5f6fffb1,,"透明彼氏の痴漢ドッキリ～オフィスで中出し羞恥エッチ～",CAPURI,274230,277,0,0
auto-e71cf8ec,,"?需要的是直?高潮的催眠按摩??",CAPURI,268290,271,0,0
auto-ee453474,,"Can I give you a hypnotic massage until you get sissygasm?",CAPURI,244530,247,0,0
auto-74688af4,,"淫習村～触手神に嫁いだら孕むまで媚薬聖液を注がれて～",CAPURI,224510,157,0,0
auto-b020bb33,,"肌肉男?? ―囚犯x警?的堕落性?????―",CAPURI,214830,217,0,0
auto-cf09d849,,"魔法少年の囚われ触手堕ち",CAPURI,196142,202,0,0
auto-a3ed7c96,,"從乳頭自卑開始的青春故事! ~敏感的乳頭太敏感了,我最愛的青梅竹馬隻用乳頭就讓我高潮了!~",CAPURI,192656,195,0,0
auto-22ad062a,,"筋肉?地妻- 英俊送??的甜蜜?惑。 我和丈夫以外的男人...",CAPURI,187110,189,0,0
auto-5c2e8f77,,"?需要的是直達高潮的催眠按摩??",CAPURI,186120,188,0,0
auto-71e5cc69,,"从乳?自卑?始的青春故事! ~敏感的乳?太敏感了,我最?的青梅竹?只用乳?就?我高潮了!~",CAPURI,174836,177,0,0
auto-80ee2c41,,"筋肉團地妻- 英俊送貨員的甜蜜誘惑。 我和丈夫以外的男人..",CAPURI,164340,166,0,0
auto-12d98ed5,,"Nipple complex! ～Too sensitive, my best childhood friend made me cum just with my nipples!",CAPURI,163749,166,0,0
auto-e5fba2c2,,"肌肉男監獄 ―囚犯x警衛的墮落性愛監獄記?―",CAPURI,156420,158,0,0
auto-68d8c3ac,,"メスイキしないと出られない部屋で両片思い（（はーと））男子が××しちゃう話",CAPURI,153010,107,0,0
auto-edb24a7d,,"鬼神さまに注がれて-生贄の愛されセックスは孕まされても終わらない-",CAPURI,148720,104,0,0
auto-f79f97cb,,"A Muscular in Prison Cell - a Prisoner and a Muscular Prison Guard's Story of Sissygasm Sex -",CAPURI,130680,132,0,0
auto-004f5f10,,"掀??的西装 ~正?的副教授的色色的秘密~",CAPURI,126720,128,0,0
auto-7a647fec,,"淫乱色魔被攻陷 ? 被?哥的大?巴持?高潮! 里面已?装不下了...",CAPURI,125730,127,0,0
auto-2fdb0ec7,,"Stiff apartment house wife - Sweet seduction by a handsome delivery man. I've had sex with men other than my husband...",CAPURI,112860,114,0,0
auto-0bb42b84,,"メスイキするまで催眠マッサージしてもいいですか？",CAPURI,106920,108,0,0
auto-6bbae0b9,,"ガチムチ刑務所 ―囚人×看守のメス堕ちSEX獄中記―",CAPURI,99055,163,0,0
auto-9e40f4d1,,"淫?的我被?男指名了 ～没想到居然会被巨根??高潮!?～",CAPURI,97616,99,0,0
auto-cbb8c180,,"淫亂色魔被攻陷 ? 被帥哥的大?巴持續高潮! 裡?已經裝不下了...",CAPURI,97020,98,0,0
auto-9774a222,,"ぽぽぽ 八尺様に攫われた夜",CAPURI,96030,97,0,0
auto-cc0a3bac,,"媚薬ロッカーに閉じ込められたので先生のケツマンコ犯しちゃいますね（はーと）",CAPURI,95810,67,0,0
auto-838d27df,,"公寓的房??上有一个洞～从???始的色色的?系",CAPURI,95040,96,0,0
auto-41ed530f,,"孕むまで犯していいですか？～ヤンデレ保育士の手錠拘束プロポーズ～",CAPURI,91080,92,0,0
auto-11c0bbc9,,"鬼畜執事のドS射精管理―そのだらしないおちんぽ、躾けて差し上げます―",CAPURI,90090,63,0,0
auto-6552d59d,,"There is a hole in the wall of my apartment room - A erotic relationship that begins with a peek",CAPURI,87120,88,0,0
auto-0f17720a,,"Bitch Succubus Falls - Continuous climax by handsome big cock! I'm so full...",CAPURI,83160,84,0,0
auto-d4c9b3d6,,"エッチな心の声がダダ漏れ中！？～クールな幼馴染は俺のメスイキで頭いっぱい～",CAPURI,79200,80,0,0
auto-deba99f2,,"メスイキするまで催眠マッサージしてもいいですか？2～矢上と南編～",CAPURI,79200,80,0,0
auto-6d61623b,,"潜入失?! 精英???被春?折磨和堕落,却不肯?出??的秘密......",CAPURI,75240,76,0,0
auto-285b2c10,,"Expose what beneath the suit ~the erotic secret of serious associate professor~",CAPURI,72270,73,0,0
auto-4a89815a,,"淫盪的我被處男指名了 ～沒想到居然會被巨根連續高潮!?～",CAPURI,70290,71,0,0
auto-1c50e417,,"凌辱メス堕ち幽霊屋敷ー終わらない、淫霊たちの連続中出しセックスー",CAPURI,68310,69,0,0
auto-2a9cf28e,,"Humiliation Sluttification Ghost Mansion - Never-ending, Continuous Creampie Sex with Lustful Ghosts",CAPURI,64350,65,0,0
auto-23cabf8f,,"?O雌性淪陷的鬼屋??無盡的淫靈連續?射性愛",CAPURI,63360,64,0,0
auto-dab5bc5b,,"Bitchy me nominated by a virgin ～ I didn't expect to be made to cum consecutively with such a huge dick! ～",CAPURI,59400,60,0,0
auto-3e4a776f,,"The private tutor is a naughty sexy male older brother! Cheeky boy gets all excited in the teacher's erotic hole and pussy",CAPURI,58410,59,0,0
auto-4d44682b,,"掀開?的西裝 ~正經的副教授的色色的秘密~",CAPURI,57420,58,0,0
auto-39d34117,,"Alone sex with a teacher ~ comes with an embarrassing masturbation lesson in secret! ~",CAPURI,55440,56,0,0
auto-5995add3,,"Failed infiltration! Elite Spy - Aphrodisiac Torment of a Meth-enhanced But No Secrets of the Organization Will Be Told!",CAPURI,55440,56,0,0
auto-af069d20,,"凌O雌性?陷的鬼屋??无尽的淫???内射性?",CAPURI,55440,56,0,0
auto-4bcd197e,,"第一次、想和?。～今天、我和幼馴染××××～",CAPURI,55046,56,0,0
auto-29a77e92,,"与老?的自慰 ~ 家庭教? x ?情高中生 秘密自慰教学的羞耻高潮!~",CAPURI,54450,55,0,0
auto-18972aa3,,"第一次、想和?。～今天、我和幼?染××××～",CAPURI,50490,51,0,0
auto-8d9fc6b8,,"家庭教??身淫?色情的雄性哥哥! ～傲慢的正太在老?的色情洞穴里被?得???向的暑假～",CAPURI,50490,51,0,0
auto-72186ead,,"被?????制?情的欧米茄黑道,被叛徒???禁?暴至高潮的?果...",CAPURI,47520,48,0,0
auto-c7aa0d68,,"公寓的房間墻上有一個洞～從?窺開始的色色的關系",CAPURI,45540,46,0,0
auto-00c7c7ee,,"今?我要吸?的血 - 被英俊的吸血鬼咬住並吸吮... 融化的催淫高潮性愛 -",CAPURI,45540,46,0,0
auto-cf44ca17,,"First time with you. ~Today, I'm going to ×××× with my childhood friend~!",CAPURI,44550,45,0,0
auto-2f410ce0,,"高傲的?士被触手弄到高潮后?求插入堕落于快感的?果",CAPURI,44550,45,0,0
auto-5832b06f,,"今?我要吸?的血 - 被英俊的吸血鬼咬住并吸吮... 融化的催淫高潮性? -",CAPURI,44550,45,0,0
auto-59784ea1,,"ガチムチ団地妻 ーサレ妻寝取られ前日譚。お願い、私を抱いて…ー",CAPURI,43725,159,0,0
auto-1047f413,,"家庭教師變身淫盪色情的雄性哥哥! ～傲慢的正太在老師的色情洞穴裡被?得暈頭轉向的暑假～",CAPURI,43560,44,0,0
auto-e17a07ad,,"A noble knight's pleasure fall from a hard-on by tentacle torment to a plea for penetration...",CAPURI,42570,43,0,0
auto-bdd8c474,,"潛入失敗! 精英間諜?被春藥折磨和墮落,卻不肯?出組織的秘密......",CAPURI,39600,40,0,0
auto-4a596e4b,,"An omega yakuza put into heat by an inducing potion, bound and imprisoned and ravished to orgasm by a traitor...",CAPURI,38610,39,0,0
auto-6e494be3,,"I want to suck your blood tonight - Bitten and sucked by a handsome vampire... Melting Climax Sex -",CAPURI,38610,39,0,0
auto-5ea10386,,"家庭教師はどすけべエッチなメスお兄さん！～生意気ショタが先生のエロ穴けつまんこでヘコヘコしちゃったなつやすみ～",CAPURI,38610,39,0,0
auto-fa0f3afe,,"堕落的前NO1牛郎被他看不起的后?用手???并被?教成?脚姿?,最?因高傲崩?而堕?雌性",CAPURI,37620,38,0,0
auto-2ca76685,,"被誘發藥劑強製發情的歐米茄黑道,被叛徒??監禁強暴至高潮的結果...",CAPURI,34650,35,0,0
auto-19bec179,,"ビッチサキュバス♂陥落～イケメンおにーさんのくそでかちんぽで連続絶頂！もうお腹いっぱい…～",CAPURI,34650,35,0,0
auto-b36c8f98,,"怪盗アナルセーヌ～今宵、あなたのアナル処女を頂戴いたします～",CAPURI,31680,32,0,0
auto-ca1e40dd,,"Former No.1 host ended up being handcuffed and humiliated by a junior host whom he used to look down upon.",CAPURI,30690,31,0,0
auto-8d69ed5a,,"與老師的自慰 ~ 家庭教師 x 純情高中生 秘密自慰教學的羞恥高潮!~",CAPURI,30690,31,0,0
auto-97cc8aba,,"高傲的騎士被觸手弄到高潮後請求插入墮落於快感的結果",CAPURI,26730,27,0,0
auto-e319d550,,"墮落的前NO1牛郎被他看不起的後輩用手???並被調教成開?姿勢,最終因高傲崩潰而墮爲雌性",CAPURI,25740,26,0,0
auto-a384441e,,"魔法少年の囚われ触手堕ち",CAPURI,24200,22,0,0
auto-c6f8de14,,"The Forty-Year-Old Man I Met at My Part-Time Job Was Too Sexy ～Lost My Virginity by His Superior Techniques～",CAPURI,22770,23,0,0
auto-ce98ef03,,"在打工的地方遇到的四十?大叔竟然太色了 ～被年?的超?技巧?到失禁并失去了童?～",CAPURI,21780,22,0,0
auto-dd705d9c,,"The Chairman's Exclusive Submissive Yankee: Unheard of Being Ass-Fucked by the Sadistic Student Council President!",CAPURI,20790,21,0,0
auto-940132a5,,"壊されたいほど愛してる ～共依存な僕らの緊縛狂愛セックス～",CAPURI,20790,21,0,0
auto-7a3e931c,,"在打工的地方遇到的四十?大叔竟然太色了 ～被年長的超強技巧?到失禁並失去了童貞～",CAPURI,19800,20,0,0
auto-91dee489,,"アパートの部屋の壁に穴が空いていたら ～覗き見から始まるエッチな関係～",CAPURI,19800,20,0,0
auto-40e767d9,,"会??属雌堕不良少年:我可没听??会被??学生会??行后入。",CAPURI,18810,19,0,0
auto-c6974501,,"會長專屬雌墮不良少年:我可沒聽説過會被變態學生會長強行後入。",CAPURI,17820,18,0,0
auto-b90e1219,,"【オクスリえっち気持ちいいね】シゴデキ上司は後輩ちゃんを眠らせて鬼ピスして孕ませたい",BerryFeel,15840,16,0,0
auto-3ad44063,,"透明彼氏の痴漢ドッキリ～オフィスで中出し羞恥エッチ～",CAPURI,14850,15,0,0
auto-91d5e62c,,"今夜は君の血を吸いたい ～イケメン吸血鬼に咬まれて吸われて...とろける催淫絶頂セックス～",CAPURI,11880,12,0,0
auto-dee2d018,,"王子のボクがオークなんかに堕とされるワケない！～強制種付けで無理やりお嫁さんにされちゃった～",CAPURI,9900,10,0,0
auto-7117fa4f,,"気高き騎士が激イキ触手責めから挿入懇願で快楽堕ちした結果...",CAPURI,9900,10,0,0
auto-89736424,,"【??做?感?真棒】勤?的上司想弄睡后?,然后?狂做????孕。",BerryFeel,8910,9,0,0
auto-e5446ba4,,"【??做?感覺真棒】勤奮的上司想弄睡後輩,然後瘋狂做愛讓?懷孕。",BerryFeel,6930,7,0,0
auto-474742ec,,"誘発剤で強制発情させられたΩのマフィアが、裏切り者に屈辱の拘束監禁レイプでイカされた結果...",CAPURI,990,1,0,0